id	author	title	translator	year	publisher	pub_place
1	Hugo, Victor	Hernani	Crosland, Camilla	2005	H. Fertig	New York
10	Ferran, Sébastien;;Rivière, François;;Micheli, Serge	Voyage into the deep : the saga of Jules Verne and Captain Nemo	NA	2004	Harry N. Abrams	New York
2	Backès, Michel;;Brun-Cosme, Nadine	No, I want daddy!	NA	2004	Clarion Books	New York
3	Crozon, Alain	What am I? : music!	NA	2004	Chronicle Books	San Francisco, CALIF
4	Crozon, Alain	Who am I? : Sports!	NA	2004	Chronicle Books	San Francisco, CALIF
5	Du Bellay, Joachim	The regrets	Slavitt, David R.	2004	Northwestern University Press	Evanston, ILL
6	Monénembo, Tierno	The oldest orphan	Nagem, Monique F.	2004	University of Nebraska Press	Lincoln, NEBR
7	Gibert, Bruno	The king is naked!	NA	2004	Clarion Books	New York
8	Schoch, Irène	The cat's vacation	NA	2004	Chronicle	San Francisco, CALIF
9	Morgenstern, Susie	Sixth grade	Rosner, Gill	2004	Viking	New York
11	Kerisel, Françoise	Diogenes' lantern	NA	2004	J. Paul Getty Museum	Los Angeles, CALIF
12	Gay, Michel	Zee is not scared	Mianowski, Marie	2004	Clarion Books	New York
13	Weil, Sylvie	My guardian angel	Rosner, Gill	2004	Arthur A. Levine Books	New York
14	Alembert, Jean le Rond d';;Rousseau, Jean-Jacques;;Bloom, Allan David;;Butterworth, Charles E.;;Kelly, Christopher	Letter to D'Alembert and writings for the theater	NA	2004	University Press of New England;;Dartmouth College	Hanover, N.H.;;Hanover, N.H.
15	Fatras, André;;Fontanel, Béatrice	The penguin : a funny bird	Uhlig, Elizabeth	2004	Charlesbridge	Watertown, MASS
16	Stolz, Joëlle	The shadows of Ghadames	Temerson, Catherine	2004	Delacorte Press	New York
17	Genet, Jean	The declared enemy : texts and interviews	Fort, Jeff	2004	Stanford University Press	Stanford, CALIF
18	Paulhan, Jean	Of chaff and wheat : writers, war, and treason	Rand, Richard	2004	University of Illinois Press	Urbana, ILL
19	Giono, Jean	The serpent of stars	Gladding, Jody	2004	Archipelago Books	New York
20	Chevillard, Éric	Palafox	Mason, Wyatt Alexander	2004	Archipelago Books	New York
21	Rancière, Jacques	The flesh of words : the politics of writing	Mandell, Charlotte	2004	Stanford University Press	Stanford, CALIF
22	Rolin, Dominique	Divine madman	Corts, Elaine L.	2005	P. Lang	New York
23	Schuhl, Jean-Jacques	Ingrid Caven	Pye, Michael	2004	City Lights Books	San Francisco, CALIF
24	Aït Djafer, Ismaël	Wail of the Arab beggars of the Casbah	Hirschman, Jack	2004	Curbstone Press	Willimantic, CONN
25	Zongo, Norbert	The parachute drop	Wise, Christopher	2004	Africa World Press	Trenton, N.J.
26	Crousaz, Jean-Pierre de;;Brack, O M.	A commentary on Mr. Pope's principles of morality, or Essay on man : a translation from the French	Johnson, Samuel	2004	Yale University Press	New Haven, CONN
27	Compagnon, Antoine	Literature, theory, and common sense	Cosman, Carol	2004	Princeton University Press	Princeton, N.J.
28	Khadra, Yasmina	The swallows of Kabul	Cullen, John	2004	Doubleday;;Nan A. Talese	New York;;New York
29	Pennac, Daniel	Dog	Adams, Sarah	2004	Candlewick Press	Cambridge, MASS
30	Duclos, Charles	Two French libertine novels : The story of Madame de Luz ; The confessions of the Comte de ***	Parmée, Douglas	2006	AMS Press	New York
31	Orban, Christine	One day my sister disappeared	Bolkonsky, Gwen	2004	Random House	New York
32	Proust, Marcel	In the shadow of young girls in flower	Grieve, James	2004	Viking	New York
33	NA	McGraw-Hill's French picture dictionary	NA	2004	McGraw-Hill	New York
34	Bénabou, Marcel	To write on Tamara	Rendall, Steven	2004	University of Nebraska Press	Lincoln, NEBR
35	Bujor, Flavia	The prophecy of the Stones	Coverdale, Linda	2004	Hyperion;;Miramax Books	New York;;New York
36	Dumas, Alexandre	Camille : the lady of the Camellias	Gosse, Edmund	2004	Signet Classics	New York
37	Claudel, Paul	Knowing the East	Lawler, James	2004	Princeton University Press	Princeton, N.J.
38	Graff, Laurent	Happy days	Coverdale, Linda	2004	Carroll & Graf	New York
39	Proust, Marcel	The Guermantes way	Treharne, Mark	2004	Viking	New York
40	Cheng, François	Green mountain, white cloud : a novel of love in the Ming Dynasty	Bent, Timothy	2004	St. Martin's Press	New York
41	Carrère, Emmanuel	I am alive and you are dead : a journey into the mind of Philip K. Dick	Bent, Timothy	2004	Henry Holt;;Metropolitan Books	New York;;New York
42	Leroux, Gaston	The phantom of the opera	Teixeira de Mattos, Alexander	2004	Dover Publications	Mineola, N.Y.
43	Proust, Marcel	Sodom and Gomorrah	Sturrock, John	2004	Viking	New York
44	Butor, Michel	Mobile	Howard, Richard	2004	Dalkey Archive Press	Normal, ILL
45	Zola, Émile	The kill	Goldhammer, Arthur	2004	Modern Library	New York
46	Gracq, Julien	The narrow waters	Kohn, Ingeborg M.	2004	Turtle Point Press	New York
47	Benmalek, Anouar	The lovers of Algeria	Kilmartin, Joanna	2004	Graywolf Press	St. Paul, MINN
48	Roché, Henri-Pierre	Two English girls and the continent	Bruno, Walter	2004	Cambridge Book Review Press	Cambridge, WIS
49	Savitzkaya, Eugène	Rules of solitude	Lombardo, Gian S.	2004	Quale Press	Florence, MASS
50	Diamond, Lynn	The past at our feet	Elder, Jo-Anne	2004	Guernica	Buffalo, N.Y.
51	Char, René	This smoke that carried us : selected poems	Dubroff, Susanne	2004	White Pine Press	Buffalo, N.Y.
52	Germain, Paul	Love and other poems by Haitian youths	NA	2004	Trilingual Press	Cambridge, MASS
53	Celan, Paul;;Joris, Pierre	Paul Celan : selections	NA	2005	University of California Press	Berkeley, CALIF
54	Serge, Victor	The case of Comrade Tulayev	Trask, Willard R.	2004	New York Review Books	New York
55	Hédelin, Pascale	Face-to-face with the duck	Uhlig, Elizabeth	2005	Charlesbridge	Watertown, MASS
56	NDiaye, Marie	Rosie Carpe	Black, Tamsin	2004	University of Nebraska Press	Lincoln, NEBR
57	Nothomb, Amélie	The book of proper names	Whiteside, Shaun	2004	St. Martin's Press	New York
58	Debray, Régis;;Xavier de C	Empire 2.0 : a modest proposal for a United States of the West	Rowe, Joseph	2004	North Atlantic Books	Berkeley, CALIF
59	Perec, Georges	Three by Perec : Which moped with chrome-plated handlebars at the back of the yard? ; The Exeter text: jewels, secrets, sex ; A gallery portrait	Monk, Ian	2004	D.R. Godine	Boston, MASS
60	Blanchot, Maurice	Lautréamont and Sade	Kendall, Michelle;;Kendall, Stuart	2004	Stanford University Press	Stanford, CALIF
61	Volodine, Antoine	Minor angels	Stump, Jordan	2004	University of Nebraska Press	Lincoln, NEBR
62	Makine, Andreï	The earth and sky of Jacques Dorme	Strachan, Geoffrey	2005	Arcade	New York
63	NA	Guillaume de Palerne : an English translation of the 12th century French verse romance	Sconduto, Leslie A.	2004	McFarland & Co.	Jefferson, N.C.
64	Simenon, Georges	Monsieur Monde vanishes	Stewart, Jean Margaret	2004	New York Review Books	New York
65	Malroux, Claire	Birds and bison : poems	Hacker, Marilyn	2004	Sheep Meadow Press	Riverdale-on-Hudson, N.Y.
66	Valckx, Catharina	Lizette's green sock	NA	2005	Clarion Books	New York
67	Van Cauwelaert, Didier	Out of my head	Polizzotti, Mark	2004	Other Press	New York
68	Pernot, Laurent	Rhetoric in antiquity	Higgins, W. E.	2005	Catholic University of America Press	Washington, D.C.
69	Moses, Emmanuel	Last news of Mr Nobody : selected poems	NA	2004	Handsel Books	New York
70	Le Clézio, Jean-Marie Gustave	Wandering star	Dickson, C.	2004	Curbstone Press	Willimantic, CONN
71	Le Sage, Alain René;;Brack, O M.;;Chilton, Leslie A.	The devil upon crutches	Smollett, Tobias	2005	University of Georgia Press	Athens, GA
72	Sand, George	The private secretary	Schwartz, Lucy M.	2004	P. Lang	New York
73	Bondoux, Anne-Laure	The destiny of Linus Hoppe	Temerson, Catherine	2005	Delacorte Press	New York
74	Feraoun, Mouloud	The poor man's son : Menrad, Kabyle schoolteacher	McNair, Lucy R.	2005	University of Virginia Press	Charlottesville, VA
75	Cendrars, Blaise	Moravagine	Brown, Alan	2004	New York Review Books	New York
76	Besson, Luc	Arthur and the Minimoys	Sowchek, Ellen	2005	Harper Collins Publishers	New York
77	Calame, Claude	Masks of authority : fiction and pragmatics in ancient Greek poetics	Burk, Peter Michael	2005	Cornell University Press	Ithaca, N.Y.
78	Marcel, Gabriel	A mystery of love : a drama in four acts;;The posthumous joke : a three act comedy	Hanley, Katharine Rose	2004	Marquette University Press	Milwaukee, WIS
79	Vallès, Jules	The child	Parmée, Douglas	2005	New York Review Books	New York
80	Starosta, Paul	The bee : friend of the flowers	Uhlig, Elizabeth	2005	Charlesbridge	Watertown, MASS
81	Naffah, Fouad Gabriel	Mind-God & the properties of nitrogen	Cole, Norma	2004	Post-Apollo Press	Sausalito, CALIF
82	Modiano, Patrick	Missing person	Weissbort, Daniel	2005	David R. Godine	Boston, MASS
83	Gervais, Bernadette;;Pittau, Francesco	In the country	NA	2005	Chronicle Books	San Francisco, CALIF
84	Deguy, Michel;;Derrida, Jacques	Recumbents : poems	Baldridge, Wilson	2005	Wesleyan University Press	Middletown, CONN
85	Montaigne, Michel de	Essays	Florio, John	2005	Prometheus Books	Amherst, N.Y.
86	Coquery-Vidrovitch, Catherine	The history of African cities south of the Sahara : from the origins to colonization	Baker, Mary	2005	Markus Wiener Publishers	Princeton, N.J.
87	Voltaire	Candide, or, Optimism	Raffel, Burton	2005	Yale University Press	New Haven, CONN
88	Zola, Émile	Theresa Raquin	Tancock, Leonard	2005	Thorndike Press	Waterville, ME
89	Morgenstern, Susie	It happened at school : two tales	Rosner, Gill	2005	Viking	New York
90	Flaubert, Gustave	A simple heart	Mandell, Charlotte	2004	Melville House Publishing	Hoboken, N.J.
100	Giono, Jean	The man who planted trees	NA	2005	Chelsea Green	White River Junction, VT
91	Halter, Marek	Zipporah, wife of Moses	NA	2005	Crown Publishers	New York
92	Glissant, Edouard	Monsieur Toussaint : a play	Dash, J. Michael	2005	Lynne Rienner	Boulder, COLO
93	Sade, Donatien Alphonse François de	The Marquis de Sade, The crimes of love : heroic and tragic tales. Preceded by an Essay on novels : a selection	Coward, David	2005	Oxford University Press	New York
94	Benoit, Pierre	Queen of Atlantis	Chambers, Arthur	2005	University of Nebraska Press	Lincoln, NEBR
95	Radiguet, Raymond	Count d'Orgel's ball	Cancogni, Annapaola	2005	New York Review Books	New York
96	Besson, Luc	Arthur and the forbidden city	Sowchek, Ellen	2005	Harper Collins Publishers	New York
97	Jubert, Hervé	Dance of the assassins	Bell, Anthea	2004	EOS	New York
98	Mauriac, François	Thérèse Desqueyroux	MacKenzie, Raymond N.	2005	Rowman and Littlefield	Lanham, MD
99	Bondoux, Anne-Laure	The second life of Linus Hoppe	Temerson, Catherine	2005	Delacorte Press	New York
101	Kochka	The boy who ate stars	Adams, Sarah	2006	Simon and Schuster	New York
102	Glissant, Édouard	The collected poems of Édouard Glissant	Humphries, Jeff;;Manolas, Melissa	2005	University of Minnesota Press	Minneapolis, MINN
103	Millet, Richard	The glory of the Pythres	Cumming, John	2005	Marlboro Press Northwestern University Press	Evanston, ILL
104	Caws, Mary Ann	The Yale anthology of twentieth-century French poetry	NA	2004	Yale University Press	New Haven, CONN
105	Grangé, Jean-Christophe	Empire of the wolves	Monk, Ian	2004	Ecco Press	New York
106	Jacq, Christian	War of the crowns : a novel of ancient Egypt	Dyson, Sue	2004	Atria Books	New York
107	Barbusse, Henri	Under fire	Buss, Robin	2004	Penguin	New York
108	Page, Martin	How I became stupid	Hunter, Adriana	2004	Penguin	New York
109	Bielski, Nella	The year is '42	Appignanesi, Lisa;;Berger, John	2004	Pantheon Books	New York
110	Verne, Jules	The mysterious island	NA	2004	Signet Classics	New York
111	Audouard, Antoine	Farewell, my only one	Cameron, Euan	2004	Houghton Mifflin	Boston, MASS
112	Wiesel, Elie	The time of the uprooted	Hapgood, David	2005	Alfred A. Knopf	New York
113	Molière	The imaginary invalid	Van Laun, Henri	2004	Dover Publications	Mineola, N.Y.
114	Balzac, Honoré de	Père Goriot	Marriage, Ellen	2004	Dover Publications	Mineola, N.Y.
115	Rambaud, Patrick	The retreat	Hobson, Will	2004	Atlantic Monthly Press	New York
116	Camus, Albert	The plague : The fall ; Exile and the kingdom  and selected essays	NA	2004	Everyman's Library	New York
117	Brasme, Anne-Sophie	Breathe	Mulholland, Rory	2004	St. Martin's Griffin	New York
118	Gary, Romain	White dog	NA	2004	University of Chicago Press	Chicago, ILL
119	Benaïssa, Slimane	The last night of a damned soul : a novel	Gross, Daniel;;Gross, Janice	2004	Grove Press	New York
120	Becker-Ho, Alice	The princes of jargon	McHale, John	2004	Edwin Mellen Press	Lewiston, N.B.
121	La Bretesche, Geneviève de	Scholastic first picture dictionary	NA	2005	Scholastic	New York
122	Stendhal	The red and the black : Stendhal ; translated by Horace B. Samuel.	Samuel, Horace Barnett	2004	Dover Publications	Mineola, N.Y.
123	Butor, Michel	Degrees	Howard, Richard	2004	Dalkey Archive Press	Normal, ILL
124	Toussaint, Jean-Philippe	Television	Stump, Jordan	2004	Dalkey Archive Press	Normal, ILL
125	Balzac, Honoré de	About Catherine De Medici	NA	2005	Howard Fertig	New York
126	David B.	Epileptic	NA	2005	Pantheon Books	New York
127	Pinget, Robert	Mahu, or, The material	Sheridan-Smith, Alan	2005	Dalkey Archive Press	Normal, ILL
128	Arcan, Nelly	Whore	Benderson, Bruce	2005	Black Cat	New York
129	Casanova, Pascale	The world republic of letters	DeBevoise, M. B.	2004	Harvard University Press	Cambridge, MASS
130	Choisy, François-Timoléon de;;Perrault, Charles;;L'Héritier, Marie-Jeanne	The story of the Marquise-Marquis de Banneville	Rendall, Steven	2004	Modern Language Association of America	New York
131	Flaubert, Gustave	Madame Bovary : contexts, critical reception	De Man, Paul;;Cohen, Margaret	2005	W.W. Norton	New York
132	Voltaire	Candide, or, Optimism	Constantine, Peter	2005	Modern Library	New York
133	Balzac, Honoré de	Père Goriot	Reed, Henry	2004	Signet Classics	New York
134	Stendhal	Two stories : Vanina Vanini ; The Abbess of Castro	Appelbaum, Stanley	2005	Dover Publications	Mineola, N.Y.
135	Guidoux, Valérie	Little bees	NA	2005	Gareth Stevens	Milwaukee, WIS
136	Jonas, Anne	Little elephants	NA	2005	Gareth Stevens	Milwaukee, WIS
137	Chottin, Ariane	Little foxes	NA	2005	Gareth Stevens	Milwaukee, WIS
138	Leroux, Gaston	The mystery of the yellow room	NA	2004	Thorndike Press	Waterville, ME
139	Montardre, Hélène	Little wolves	Castille, Muriel	2005	Gareth Stevens	Milwaukee, WIS
140	Royer, Anne	Little marmots	Castille, Muriel	2005	Gareth Stevens	Milwaukee, WIS
141	Verne, Jules	Journey to the center of the earth	NA	2005	Dover Publications	Mineola, N.Y.
142	Bédier, Joseph	The romance of Tristan and Iseult	Belloc, Hilaire	2004	Dover Publications	Mineola, N.Y.
143	Dai, Sijie	Mr. Muo's travelling couch	Rilke, Ina	2005	Alfred A. Knopf	New York
144	Marie, Christian	Little giraffes	Lantier, Pat	2005	Gareth Stevens	Milwaukee, WIS
145	Costa-Prades, Bernadette	Little gorillas	Castille, Muriel	2005	Gareth Stevens	Milwaukee, WIS
146	Chottin, Ariane	Little leopards	NA	2005	Gareth Stevens	Milwaukee, WIS
147	Nedjma	The almond	Hunter, C. Jane	2005	Grove Press	New York
148	Pavloff, Franck	Brown morning	Mulhern, Chris	2004	University of Wisconsin Press	Madison, WIS
149	Sfar, Joann	The rabbi's cat	NA	2005	Pantheon Books	New York
150	Gavalda, Anna	Someone I loved	Evans, Catherine	2005	Riverhead Books	New York
151	Dongala, Emmanuel	Johnny mad dog	Ascher, Maria Louise	2005	Farrar Straus Giroux	New York
152	Salvayre, Lydie	The lecture	Coverdale, Linda	2005	Dalkey Archive Press	Normal, ILL
153	Dumas, Alexandre	The Count of Monte Cristo	NA	2005	Signet Classics	New York
154	Jonas, Anne	Little penguins	NA	2006	Gareth Stevens	Milwaukee, WIS
155	Guidoux, Valérie	Little polar bears	NA	2006	Gareth Stevens	Milwaukee, WIS
156	Guidoux, Valérie	Little dolphins	NA	2006	Gareth Stevens	Milwaukee, WIS
157	Rennert, Violette	Little lions	NA	2006	Gareth Stevens	Milwaukee, WIS
158	Marie, Christian	Little beavers	NA	2006	Gareth Stevens	Milwaukee, WIS
159	Barbé-Julien, Colette	Little hippopotamuses	NA	2006	Gareth Stevens	Milwaukee, WIS
160	Guidoux, Valérie	Little zebras	NA	2006	Gareth Stevens	Milwaukee, WIS
161	Rennert, Violette	Little whales	NA	2006	Gareth Stevens	Milwaukee, WIS
162	Poujol Oriol, Paulette	Vale of tears : a novel from Haiti	Schaefer, Dolores A.	2006	Ibex	Bethesda, MD
163	Daumal, René	Le contre-ciel	Knight, Kelton W.	2005	Overlook Press	New York
164	La Rochefoucauld, François de	La Rochefoucauld maxims : a new English translation	Stack, Edward M.	2005	Vantage Press	New York
165	David, Carole	Unholy stories : Monster ; M ; If only ; Maiden name ; Island ; A mother up in arms ; Corridor to eternity ; An unholy story ; Monsieur George ; Female ; Grotto ; Corinne Gilbert's daughter	Alleyn, Nora	2005	Guernica	Buffalo, N.Y.
166	Chouaki, Aziz	The star of Algiers	Schwartz, Ros;;Norman, Lulu	2005	Graywolf Press	St. Paul, MINN
167	Hétu, Richard	The lost guide : the man behind the Lewis and Clark Expedition	Zagolin, Bianca	2004	East Village Press	New York
168	Moreau, Thérèse	The great book of secret recipes	Moreau, Thérèse;;Reno, Christine McArdle	2005	University Press of the South	New Orleans, LA
169	Thierry, Camille;;Amelinckx, Frans C.;;Waggoner, May Rush Gwin	Les vagabondes : poésies américaines	NA	2004	Tintamarre	Shreveport, LA
170	Minne, Brigitte	I love	NA	2005	Kane/Miller Book Publishers	La Jolla, CALIF
171	Foucault, Michel	Death and the labyrinth : the world of Raymond Roussel	Ruas, Charles	2004	Continuum	New York
172	Daumal, René	Mount Analogue : a tale of non-Euclidean and symbolically authentic mountaineering adventures	Cosman, Carol	2004	Overlook Press	Woodstock, N.Y.
173	Sand, George	The Black City	Kover, Tina A.	2004	Carroll & Graf	New York
174	Saint-Exupéry, Antoine de	The little prince	Howard, Richard	2005	Thorndike Press	Waterville, ME
175	Weil, Simone;;Bespaloff, Rachel	War and the Iliad : The Iliad, or The poem of force ; On the Iliad	McCarthy, Mary	2005	New York Review Books	New York
176	Maulpoix, Jean-Michel	A matter of blue : poems	Cornelio, Dawn M.	2005	BOA Editions	Rochester, N.Y.
177	Nicolotti, Muriel	Kuntai : a Masai child	NA	2005	Blackbirch Press	Detroit, MICH
178	Gailly, Christian	Red haze	Evenson, Brian;;Beus, David	2005	University of Nebraska Press	Lincoln, NEBR
179	Kehew, Robert	Lark in the morning : the verses of the troubadours	Pound, Ezra;;Kehew, Robert;;Snodgrass, W. D.	2005	University of Chicago Press	Chicago, ILL
180	Beckermann, Ruth;;Friedman, Carl;;Honigmann, Barbara;;Sereni, Clara;;Ulickaja, Ljudmila Evgen'evna;;Amar, Marlène;;Roffé, Reina;;Wandor, Michelene;;Malino, Frances;;Nolden, Thomas	Voices of the diaspora - Jewish women writing in contemporary Europe : On the edge of the world ; Exotic birds ; Beyond the bridges ;  Jews ; March 1953 ; Holy fire ; On my great-grandfather, my grandfather, my father, and me ; Song of the Jewish princess	NA	2005	Northwestern University Press	Evanston, ILL
181	Desnos, Robert	The voice of Robert Desnos : selected poems	Kulik, William T.	2004	Sheep Meadow Press	Riverdale-on-Hudson, N.Y.
182	Artaud, Antonin;;Breton, André;;Césaire, Aimé;;Csoóri, Sándor;;Hierro, José;;Holan, Vladimír;;Neruda, Pablo;;Rimbaud, Arthur;;Bador, Bernard;;Bollobás, Enikö;;Juhász, Ferenc;;Radnóti, Miklós;;Vellejo, César	Conductors of the pit (poetry written in extremis in translation) : The drunken boat ; Pablo Neruda: thirteen poems from Residence on Earth ; José Hierro: two poems ; César Vellejo: four prose poems ; A man and a woman absolutely white ; Aimé Césaire: three poems ; Bernard Bador: ten poems from Sea urchin harakiri ; Miklós Radnóti: six poems ; The biography of a woman ; The visitor's memories ; A night with Hamlet  Antonin Artaud: seven works	Eshleman, Clayton	2005	Soft Skull Press	Brooklyn, N.Y.
183	Federman, Raymond	My body in nine parts : with three supplements & illustrations	NA	2005	Starcherone Books	Buffalo, N.Y.
184	Joubert, Joseph	The notebooks of Joseph Joubert : a selection	Auster, Paul	2005	New York Review Books	New York
185	Mallarmé, Stéphane	A tomb for Anatole	Auster, Paul	2005	New Directions	New York
186	Simenon, Georges	Tropic moon	Romano, Marc	2005	New York Review Books	New York
187	Cazenave, Odile Marie	Afrique sur Seine : a new generation of African writers in Paris	NA	2005	Lexington Books	Lanham, MD
188	Mauriac, François	Vipers' tangle	NA	2005	Loyola Press	Chicago, ILL
189	Philippo, Sophie	Meet the woolly mammoth	NA	2005	Two-Can	Minnetonka, MINN
190	Jolivet, Joëlle;;Jaffé, Laura	Almost everything	Siegel, Alexis	2005	Roaring Brook Press	New Milford, CONN
191	Waberi, Abdourahman A.	The land without shadows	Garane, Jeanne	2005	University of Virginia Press	Charlottesville, VA
192	Simenon, Georges	The man who watched trains go by	Romano, Marc;;Thin, D.	2005	New York Review Books	New York
193	Bondoux, Anne-Laure	The killer's tears	Maudet, Y.	2006	Delacorte Press	New York
194	Paulhan, Jean	The flowers of Tarbes, or, Terror in literature	Syrotinski, Michael	2006	University of Illinois Press	Urbana, ILL
195	Rosen, Nicolle	Mrs. Freud	NA	2005	Arcade	New York
196	Makine, Andreï	The woman who waited	Strachan, Geoffrey	2006	Arcade	New York
197	Maupassant, Guy de	The horla	Mandell, Charlotte	2005	Melville House Publishing	Hoboken, N.J.
198	Lévy, Justine	Nothing serious	Mandell, Charlotte	2005	Melville House Publishing	Hoboken, N.J.
199	Bernanos, Georges	Mouchette	Whitehouse, J. C.	2006	New York Review Books	New York
200	Philoctète, René	Massacre river	Coverdale, Linda	2005	New Directions	New York
201	Constant, Paule	White spirit	Wing, Betsy	2005	University of Nebraska Press	Lincoln, NEBR
202	Le Franc, Martin	The trial of womankind : a rhyming translation of Book IV of the fifteenth-century Le champion des dames	Taylor, Steven Millen	2005	McFarland & Co.	Jefferson, N.C.
203	Stassen, Jean-Philippe	Deogratias, a tale of Rwanda	Siegel, Alex	2006	First Second	New York
204	Halter, Marek	Zipporah, wife of Moses	NA	2005	Thorndike Press	Waterville, ME
205	Havard, Christian	The wolf, night howler	Uhlig, Elizabeth	2006	Charlesbridge	Watertown, MASS
206	Rozier, Gilles	The Mercy Room	Bell, Anthea	2006	Little, Brown	New York
207	Schneider, Christine	I'm bored!	NA	2006	Clarion Books	New York
208	Vairasse, Denis;;Laursen, John Christian;;Masroori, Cyrus	The history of the Sevarambians : a utopian novel	NA	2006	State University of New York Press	Albany, N.Y.
209	Djébar, Assia	Children of the New World : a novel of the Algerian War	De Jager, Marjolijn	2005	Feminist Press at the City University of New York	New York
210	Guibert, Emmanuel;;Sfar, Joann	Sardine in outer space	Watson, Sasha	2006	First Second	New York
211	Jourdan, Eric	Wicked angels	Armbrecht, Thomas J. D.	2006	Southern Tier Editions;;Harrington Park Press	New York;;New York
212	Breillat, Catherine;;Sotos, Peter;;Khazeni, Dorna	Pornocracy	Buck, Paul;;Petit, Catherine	2005	Semiotext(e)	Los Angeles, CALIF
213	Halter, Marek	Lilah	NA	2006	Crown Publishers	New York
214	Gaudé, Laurent	The house of Scorta	Hawkes, Sophie;;Sartarelli, Stephen	2005	MacAdam/Cage Publishing	San Francisco, CALIF
215	Perec, Georges	A void	Adair, Gilbert	2005	D.R. Godine	Boston, MASS
216	Mokeddem, Malika	Century of locusts	Hamdy, Karim;;Rice, Laura	2006	University of Nebraska Press	Lincoln, NEBR
217	NA	The little prince : book of fun and adventure	Bent, Lucinda Karter	2006	Harcourt	Orlando, FLA
218	Diop, Boubacar Boris	Murambi : the book of bones	McLaughlin, Fiona	2006	Indiana University Press	Bloomington, IND
219	Tzara, Tristan	Chanson Dada : Tristan Tzara, selected poems	Harwood, Lee	2005	Black Widow Press	Boston, MASS
220	Tzara, Tristan	Approximate man & other writings	Caws, Mary Ann	2005	Black Widow Press	Boston, MASS
221	Bachelet, Gilles	My cat, the silliest cat in the world	NA	2006	Abrams Books for Young Readers	New York
222	Derrida, Jacques;;Dutoit, Thomas;;Pasanen, Outi	Sovereignties in question : the poetics of Paul Celan	NA	2005	Fordham University Press	New York
223	Dorner, Françoise	The woman in the row behind	Hunter, Adriana	2005	Other Press	New York
224	Caillois, Roger	Pontius pilate	Markmann, Charles Lam	2006	University of Virginia Press	Charlottesville, VA
225	Labé, Louise	Complete poetry and prose	Baker, Deborah Lesko;;Finch, Annie	2006	University of Chicago Press	Chicago, ILL
226	Bille, Stéphanie Corinna	The transparent girl and other stories	Makward, Christiane P.;;Giacoppe, Monika	2006	Lexington Books	Lanham, MD
227	Guène, Faïza	Kiffe kiffe tomorrow	Adams, Sarah	2006	Harcourt	Orlando, FLA
228	Nganang, Alain-Patrice	Dog days : an animal chronicle	Reid, Amy Baram	2006	University of Virginia Press	Charlottesville, VA
229	La Fontaine, Jean de	Fables of La Fontaine	Carsten, Christopher;;Christofides, Constantine	2006	University of Washington Press	Seattle, WASH
230	Perret, Delphine	The Big Bad Wolf and me	NA	2006	Sterling Publishing	New York
231	Bondoux, Anne-Laure	The Princetta	Bell, Anthea	2006	Bloomsbury Children's Books	New York
232	Goncourt, Edmond de;;Goncourt, Jules de	Pages from the Goncourt journal	Baldick, Robert	2007	New York Review Books	New York
233	Balzac, Honoré de	The girl with the golden eyes	Mandell, Charlotte	2007	Melville House Publishing	Hoboken, N.J.
234	Cixous, Hélène	Dream I tell you	Brahic, Beverley Bie	2006	Columbia University Press	New York
235	Bus, Sabrina	Our Father	NA	2006	Eerdmans Books for Young Readers	Grand Rapids, MICH
236	Bus, Sabrina	Hail Mary	Mathews, Leslie	2005	Eerdmans Books for Young Readers	Grand Rapids, MICH
237	Des Roches, Catherine;;Des Roches, Madeleine	From mother and daughter : poems, dialogues, and letters of les dames Des Roches	Larsen, Anne R.	2006	University of Chicago Press	Chicago, ILL
238	Moncomble, Gérard	Pippin	Simon, Alexandra	2006	North-South Books	New York
239	Sfar, Joann	Klezmer	Siegel, Alexis	2006	First Second	New York
240	Louis, Catherine	Liu and the bird : a journey in Chinese calligraphy	Kazeroid, Sibylle	2006	North-South Books	New York
241	Kempf, Hervé	Gaza : life in a cage	NA	2006	Algora Publishing	New York
242	Chabaneix, Hortense de;;Laffon, Martine	The book of why	NA	2006	Abrams Books for Young Readers	New York
243	Simenon, Georges	Strangers in the house	Sainsbury, Geoffrey	2006	New York Review Books	New York
244	Céline, Louis-Ferdinand	Journey to the end of the night	Manheim, Ralph	2006	New Directions	New York
245	Jubert, Hervé	Devil's tango	Bell, Anthea	2006	EOS	New York
246	Guidoux, Valérie	Little bears	NA	2007	Gareth Stevens	Milwaukee, WIS
247	Royer, Anne	Little ducks	NA	2007	Gareth Stevens	Milwaukee, WIS
248	Barbé-Julien, Colette	Little rabbits	NA	2007	Gareth Stevens	Milwaukee, WIS
249	Barbé-Julien, Colette	Little pigs	NA	2007	Gareth Stevens	Milwaukee, WIS
250	Loraux, Nicole	The invention of Athens : the funeral oration in the classical city	Sheridan, Alan	2006	Zone Books	New York
251	Rimbaud, Arthur	Rimbaud : complete works, selected letters	Fowlie, Wallace	2005	University of Chicago Press	Chicago, ILL
252	Minnis, A. J.;;Machan, Tim William	Sources of the Boece	NA	2005	University of Georgia Press	Athens, GA
253	Rimbaud, Arthur	A season in hell;;Illuminations	Mason, Wyatt Alexander	2005	Modern Library	New York
254	Claudel, Philippe	By a slow river	Rogers, Hoyt	2006	Alfred A. Knopf	New York
255	Jacq, Christian	The flaming sword : a novel of ancient Egypt	Dyson, Sue	2005	Atria Books	New York
256	Verne, Jules;;Evans, Arthur B.	The Begum's millions	Luce, Stanford	2005	Wesleyan University Press	Middletown, CONN
257	Boursin, Didier	Paper folding fun	NA	2006	Gareth Stevens	Milwaukee, WIS
258	Casagranda, Brigitte	Salt dough fun	NA	2005	Gareth Stevens	Milwaukee, WIS
259	Lassus, Irène;;Voituriez, Marie-Anne	Papier mâché fun	NA	2006	Gareth Stevens	Milwaukee, WIS
260	Leroux-Hugon, Hélène	Art foam fun	NA	2006	Gareth Stevens	Milwaukee, WIS
261	Mérot, Pierre	Mammals	Wynne, Frank	2006	Grove Press	New York
262	Giesbert, Franz-Olivier	The American	Johnson, Barbara	2005	Pantheon Books	New York
263	Salvayre, Lydie	The company of ghosts : followed by some useful advice for apprentice process-servers	Woodall, Christopher	2006	Dalkey Archive Press	Normal, ILL
264	Sand, George	The master mosaic makers	Majewski, Henry F.	2005	Edwin Mellen Press	Lewiston, N.Y.
265	Balzac, Honoré de	Wann-Chlore (1825)	Du Plessis, Eric H.	2005	Edwin Mellen Press	Lewiston, N.Y.
266	Amette, Jacques-Pierre	Brecht's mistress	Brown, Andrew	2005	New Press	New York
267	Meillet, Antoine	General characteristics of the Germanic languages	Dismukes, William P.	2005	University of Alabama Press	Tuscaloosa, ALA
268	Royer, Anne	Little guinea pigs	NA	2006	Gareth Stevens	Milwaukee, WIS
269	Kristeva, Julia	Murder in Byzantium	Delogu, Christopher Jon	2006	Columbia University Press	New York
270	Ben Jelloun, Tahar	The last friend	Rowley, Hazel;;Capé, Kevin Michel	2006	New Press	New York
271	Khadra, Yasmina	The attack	Cullen, John	2006	Nan A. Talese;;Doubleday	New York;;New York
272	NA	An anthology of medieval love debate poetry	Palmer, R. Barton;;Altmann, Barbara K.	2006	University Press of Florida	Gainsville, FLA
273	Montardre, Hélène	Little cats	NA	2006	Gareth Stevens	Milwaukee, WIS
274	Barbé-Julien, Colette	Little chickens	NA	2006	Gareth Stevens	Milwaukee, WIS
275	Marie, Christian	Little dogs	NA	2006	Gareth Stevens	Milwaukee, WIS
276	Chottin, Ariane	Little donkeys	NA	2006	Gareth Stevens	Milwaukee, WIS
277	Barbé-Julien, Colette	Little horses	NA	2006	Gareth Stevens	Milwaukee, WIS
278	Marie, Christian	Little ladybugs	NA	2006	Gareth Stevens	Milwaukee, WIS
279	Marie, Christian	Little sheep	NA	2006	Gareth Stevens	Milwaukee, WIS
280	Watanabe, Etsuko	Oscar's party	NA	2005	Bloomsbury Children's Books	New York
281	Quinn, Tom	The traumatic memory of the Great War, 1914-1918, in Louis-Ferdinand Céline's Voyage au bout de la nuit	NA	2005	Edwin Mellen Press	Lewiston, N.Y.
282	Bonnefoy, Yves	The curved planks	Rogers, Hoyt	2006	Farrar Straus Giroux	New York
283	Verne, Jules	Twenty thousand leagues under the sea	Allen, Philip Schuyler	2006	Dover Publications	Mineola, N.Y.
284	Houellebecq, Michel	The possibility of an island	Bowd, Gavin	2005	Alfred A. Knopf	New York
285	Gautier, Théophile;;Maupassant, Guy de;;Mérimée, Prosper;;Nodier, Charles;;Villiers de l'Isle-Adam, Philippe-Auguste de;;Appelbaum, Stanley	Great French tales of fantasy : Trilby, or, The elf of Argyll ; The amorous dead woman ; The Venus of Ille ; Second sight ; A divorce case ; Who Knows	NA	2005	Dover Publications	Mineola, N.Y.
286	Rambaud, Patrick	Napoleon's exile	Whiteside, Shaun	2005	Grove Press	New York
287	Faller, Régis	Polo : the runaway book	NA	2007	Roaring Brook Press	New Milford, CONN
288	Molière;;Landes, William-Alan	The affected young ladies	NA	2004	Players Press	Studio City, CALIF
289	Faller, Régis	The adventures of Polo	NA	2006	Roaring Brook	New Milford, CONN
290	Roubaud, Jacques	The form of a city changes faster, alas, than the human heart	Waldrop, Keith;;Waldrop, Rosmarie	2006	Dalkey Archive Press	Normal, ILL
291	Céline, Louis-Ferdinand	Conversations with Professor Y	Luce, Stanford	2006	Dalkey Archive Press	Normal, ILL
292	Navarre, Yves	Sweet tooth	Watson, Donald	2006	Dalkey Archive Press	Normal, ILL
293	Balzac, Honoré de	The Centenarian, or, The two Beringhelds	Slusser, George Edgar;;Chatelain, Danièle	2005	Wesleyan University Press	Middletown, CONN
294	Dumas, Alexandre	The three musketeers	Pevear, Richard	2006	Viking	New York
295	Dumas, Alexandre;;Brantley, Margaret	The Count of Monte Cristo	NA	2004	Pocket Books	New York
296	Crevel, René	My body and I	Bononno, Robert	2005	Archipelago Books	Brooklyn, N.Y.
297	Allancé, Mireille d'	What a tantrum!;;Vaya rabieta	Sarfatti, Esther;;Vinent, Julia	2004	Scholastic	New York
298	Boisteau, Manu;;Martin, Paul	Runaway zombie!	NA	2004	Hyperion Books for Children	New York
299	Boisteau, Manu;;Martin, Paul	Horror gets slimed	NA	2004	Hyperion Books for Children;;Volo	New York;;New York
300	Boisteau, Manu;;Martin, Paul	Wolf man Stu bites back	NA	2004	Hyperion Books for Children	New York
301	Khadra, Yasmina	Double blank	Botsford, Aubrey	2005	Toby Press	New Milford, CONN
302	Semprún, Jorge	The long voyage	Seaver, Richard	2005	Overlook Press	Woodstock, N.Y.
303	Gide, André	Strait is the gate	Bussy, Dorothy	2004	Overlook Press	Woodstock, N.Y.
304	Dumont, Jean-François	A blue so blue	Bourque, Michel	2005	Sterling Publishing	New York
305	Rostand, Edmond	Cyrano de Bergerac	Kingsbury, Howard Thayer	2004	Pocket Books	New York
306	Verne, Jules	Around the world in eighty days	Rogers, Jacqueline	2005	Signet Classics	New York
307	Mallon, Alexis	Coptic grammar	Ayad, Boulos Ayad	2004	Boulos Ayad Ayad	Boulder, COLO
308	Voltaire	Candide	NA	2005	Pocket Books	New York
309	Condé, Maryse	Who slashed Celanire's throat? : a fantastical tale	Philcox, Richard	2005	Washington Square Press	New York
310	Boisteau, Manu;;Martin, Paul	Count Snobuta vamps it up	NA	2004	Volo;;Hyperion Books for Children	New York;;New York
311	Boisteau, Manu;;Martin, Paul	Sally gets silly	NA	2004	Hyperion Books for Children	New York
312	Constant, Paule	Ouregano	Miller, Margot	2005	Lexington Books	Lanham, MD
313	Messina	Reality show : this show you won't see on prime time!	Teodorani, Enrico	2005	Eurotica	New York
314	Lévy, Marc	Just like heaven	NA	2005	Pocket Books	New York
315	Théoret, France	Girls closed in	Von Flotow-Evans, Luise	2005	Guernica	Buffalo, N.Y.
316	Sorel, Charles;;Gajda, Daniel A.	The comical history of Francion	NA	2005	Chicago Spectrum Press	Louisville, KY
317	Cherry, John	Medieval love poetry	NA	2005	J. Paul Getty Museum	Los Angeles, CALIF
318	Crevel, René	My body and I : a novel	Bononno, Robert	2005	Archipelago Books	Brooklyn, N.Y.
319	Khoury-Ghata, Vénus	A house at the edge of tears	Hacker, Marilyn	2005	Graywolf Press	St. Paul, MINN
320	Malraux, André	The kingdom of farfelu;;Paper moons	Keckler, W. B.	2005	Fugue State Press	New York
321	Py, Olivier	Olivier Py (four plays) : Theatres ; Epistle to young actors ; The exaltation of the labyrinth ; Youth	Edney, David	2005	University Press of America	Lanham, MD
322	Zola, Émile	Fruitfulness	Vizetelly, Ernest Alfred	2005	Mondial	New York
323	NA	Medieval English and French legends : an anthology of religious and secular narrative	Palmer, R. Barton	2006	College Publishing	Glen Allen, VA
324	Guibert, Françoise de	Sing, nightingale, sing!	NA	2006	Kane/Miller Book Publishers	La Jolla, CALIF
325	Zola, Émile	A love episode	NA	2005	Mondial	New York
326	Zola, Émile	The dream	Chase, Eliza E.	2005	Mondial	New York
327	Zola, Émile	Doctor Pascal	Serrano, Mary J.	2005	Mondial	New York
328	Zola, Émile	The fat and the thin	Vizetelly, Ernest Alfred	2005	Mondial	New York
329	Zola, Émile	Abbé Mouret's transgression	Vizetelly, Ernest Alfred	2005	Mondial	New York
330	Alexakīs, Vasilīs	Foreign words	Waters, Alyson	2006	Autumn Hill Books	Iowa City, IA
331	Zola, Émile	The conquest of Plassans	Vizetelly, Ernest Alfred	2005	Mondial	New York
332	France, Anatole	Penguin Island	NA	2005	Mondial	New York
333	Fontanille, Jacques	The semiotics of discourse	Bostic, Heidi	2006	P. Lang	New York
334	Greif, Jean-Jacques	The fighter	NA	2006	Bloomsbury	New York
335	Cottenet-Hage, Madeleine;;Sartori, Eva Martin	Daughters of Sarah : anthology of Jewish women writing in French	NA	2006	Holmes & Meier	Teaneck, N.J.
336	Mourlevat, Jean-Claude	The pull of the ocean	Maudet, Y.	2006	Delacorte Press	New York
337	Satrapi, Marjane	Monsters are afraid of the moon	Davis, Jill	2006	Bloomsbury Children's Books	New York
338	Breton, André	Poems of André Breton	Caws, Mary Ann;;Cauvin, Jean Pierre	2006	Black Widow Press	Boston, MASS
339	Donnio, Sylviane	I'd really like to eat a child	NA	2007	Random House	New York
340	Némirovsky, Irène	Suite française	Smith, Sandra	2006	Alfred A. Knopf	New York
341	Michaux, Henri	Stroke by stroke	Sieburth, Richard	2006	Archipelago Books	Brooklyn, N.Y.
342	Claro, Christophe	Electric flesh	Evenson, Brian	2006	Soft Skull Press	Brooklyn, N.Y.
343	Pomerand, Gabriel	Saint Ghetto of the Loans : grimoire	Kasper, Michael;;Viswanathan, Bhamati	2006	Ugly Duckling Presse	Brooklyn, N.Y.
344	Carrière, Jean-Claude	Please, Mr. Einstein	Brownjohn, John	2006	Harcourt	Orlando, FLA
345	Desplechin, Marie	Poor little witch girl	Rosner, Gill	2006	Bloomsbury Children's Books	New York
346	Verne, Jules	20,000 leagues under the sea	NA	2007	F. Watts	New York
347	Desmazières, Sandra	Emma and her friends : a book about colors	NA	2007	Gareth Stevens	Milwaukee, WIS
348	Verne, Jules	The meteor hunt	Miller, Walter James;;Walter, Frederick Paul	2006	University of Nebraska Press	Lincoln, NEBR
349	Ayroles, François;;Benoît, Ted	Playback : a graphic novel	NA	2006	Arcade	New York
350	Borg, Janet	Stars & planets	NA	2006	Lark books	New York
351	Le Bloas-Julienne, Renée	The shark, silent hunter	Uhlig, Elizabeth	2007	Charlesbridge	Watertown, MASS
352	Derrida, Jacques	H.C. for life, that is to say ...	Milesi, Laurent;;Herbrechter, Stefan	2006	Stanford University Press	Stanford, CALIF
353	Albiach, Anne-Marie	Figured image	Waldrop, Keith	2006	Post-Apollo Press	Sausalito, CALIF
354	Calan, Pierre de	Cosmas, or, the love of God	Hebblethwaite, Peter	2006	Loyola Classics	Chicago, ILL
355	Baudelaire, Charles	The flowers of evil	Waldrop, Keith	2006	Wesleyan University Press	Middletown, CONN
356	Bouillier, Grégoire	The mystery guest	Stein, Lorin	2006	Farrar Straus Giroux	New York
357	La Fayette, Marie Madeleine de	Zayde : a Spanish romance	Paige, Nicholas D.	2006	University of Chicago Press	Chicago, ILL
358	Barbé-Julien, Colette	Conejitos	Acosta, Tatiana;;Gutiérrez, Guillermo	2007	Gareth Stevens	Milwaukee, WIS
359	Guidoux, Valérie	Ositos	NA	2007	Gareth Stevens	Milwaukee, WIS
360	Royer, Anne	Patitos	Acosta, Tatiana;;Gutiérrez, Guillermo	2007	Gareth Stevens	Milwaukee, WIS
361	Desmazières, Sandra	Emma y sus amigos : un libro sobre los colores	NA	2007	G. Stevens Pub.	Milwaukee, WIS
362	Barbé-Julien, Colette	Cerditos	NA	2007	Gareth Stevens	Milwaukee, WIS
363	Simenon, Georges	Red lights	Denny, Norman	2006	New York Review Books	New York
364	Chabaneix, Hortense de;;Laffon, Martine	The book of how	NA	2007	Abrams Books for Young Readers	New York
365	NA	Farm animals : fun facts and stuff to do.	NA	2006	Tiger Tales	Wilton, CONN
366	NA	Savanna animals : fun facts and stuff to do	NA	2006	Tiger Tales	Wilton, CONN
367	Rolin, Olivier	Paper tiger	Cloonan, William J.	2007	University of Nebraska Press	Lincoln, NEBR
368	Salvayre, Lydie	Everyday life	Kuntz, Jane	2006	Dalkey Archive Press	Rochester, N.Y.
369	Groensteen, Thierry	The system of comics	Beaty, Bart;;Nguyen, Nick	2007	University Press of Mississippi	Jackson, MISS
370	Weiss, Jonathan M.	Irène Némirovsky : her life and works	NA	2007	Stanford University Press	Stanford, CALIF
371	Gipi	Garage band	NA	2007	First Second	New York
372	Eluard, Paul	Last love poems of Paul Eluard	Kallet, Marilyn	2006	Black Widow Press	Boston, MASS
373	Toumi, Alek Baylee	Madah-Sartre : the kidnapping, trial, and conver(sat/s)ion of Jean-Paul Sartre and Simone de Beauvoir	Toumi, Alek Baylee	2007	University of Nebraska Press	Lincoln, NEBR
374	Cixous, Hélène;;Rabaté, Jean-Michel;;Levy, Aaron	Ex-cities	NA	2006	Slought Books with the Alice Paul Center for Research on Women and Gender	Philadelphia, PA
375	Trondheim, Lewis	Tiny tyrant	Siegel, Alexis	2007	First Second	New York
376	Halter, Marek	Lilah : a forbidden love, a people's destiny	NA	2006	Thorndike Press	Waterville, ME
377	Reza, Yasmina	Adam Haberberg	Strachan, Geoffrey	2007	Alfred A. Knopf	New York
378	Guibert, Emmanuel;;Sfar, Joann	The professor's daughter	Siegel, Alexis	2007	First Second	New York
379	Freland, François-Xavier	We live in Brazil	NA	2007	Abrams Books for Young Readers	New York
380	Eluard, Paul	Capital of pain	Caws, Mary Ann;;Kline, Nancy;;Terry, Patricia Ann	2006	Black Widow Press	Boston, MASS
381	Messager, Alexandre	We live in Japan	NA	2007	Abrams Books for Young Readers	New York
382	Rozen, Anna	The merchant of noises	Scarbrough, Carl W.	2006	David R. Godine	Boston, MASS
383	Bondoux, Anne-Laure	Life as it comes	Maudet, Y.	2007	Delacorte Press	New York
384	Rousseau, Jean-Jacques	Autobiographical, scientific, religious, moral, and literary writings	Kelly, Christopher	2006	University Press of New England;;Dartmouth College	Hanover, N.H.;;Hanover, N.H.
385	Abeele, Véronique van den	Still my Grandma	NA	2007	Eerdmans Books for Young Readers	Grand Rapids, MICH
386	Sand, George	Valvèdre	Massardier-Kenney, Françoise	2007	State University of New York Press	Albany, N.Y.
387	Boileau-Despréaux, Nicolas	Selected poems	Raffel, Burton	2007	Yale University Press	New Haven, CONN
388	Djébar, Assia	The tongue's blood does not run dry (Algerian stories) : Algeria: Between desire and death ; Oran, dead language ; Non-return returns ; The fever ; The attack ; The woman in pieces - Between France and Algeria: Annie and Fatima ; Félicie's body	Raleigh, Tegan	2006	Seven Stories Press	New York
389	Dai, Sijie	Mr. Muo's travelling couch	Rilke, Ina	2006	Wheeler Publishing	Waterville, ME
390	Némirovsky, Irène	Suite française	Smith, Sandra	2006	Thorndike Press	Waterville, ME
391	Töpffer, Rodolphe	Rodolphe Töpffer : the complete comic strips	Kunzle, David	2007	University Press of Mississippi	Jackson, MISS
392	Kramer, Pascale	The living	Black, Tamsin	2007	University of Nebraska Press	Lincoln, NEBR
393	Prévert, Jacques	How to paint the portrait of a bird	NA	2007	Roaring Brook Press	New York
394	Blanchot, Maurice	A voice from elsewhere	Mandell, Charlotte	2007	State University of New York Press	Albany, N.Y.
395	Lambilly-Bresson, Elisabeth de	Animals at the pond	NA	2007	Gareth Stevens	Milwaukee, WIS
396	Lambilly-Bresson, Elisabeth de	Animals in the field	NA	2007	Gareth Stevens	Milwaukee, WIS
397	Lambilly-Bresson, Elisabeth de	Animals in the garden	NA	2007	Gareth Stevens	Milwaukee, WIS
398	Lambilly-Bresson, Elisabeth de	Animals of the night	NA	2007	Gareth Stevens	Milwaukee, WIS
399	Lambilly-Bresson, Elisabeth de	Animals on the farm	NA	2007	Gareth Stevens	Milwaukee, WIS
400	Lambilly-Bresson, Elisabeth de	Baby animals	NA	2007	Gareth Stevens	Milwaukee, WIS
401	Oster, Christian	The unforeseen	Hunter, Adriana	2006	Other Press	New York
402	Lambilly-Bresson, Elisabeth de	Colorful animals	NA	2007	Gareth Stevens	Milwaukee, WIS
403	Lambilly-Bresson, Elisabeth de	Animals around the house	NA	2007	Gareth Stevens	Milwaukee, WIS
404	Estellon, Pascale;;Goldie, Sonia;;Weiss, Anne	Animals on the farm	NA	2007	Lark books	New York
405	Goldie, Sonia	Volcanoes of the world	NA	2007	Lark books	New York
406	Picabia, Francis	I am a beautiful monster : poetry, prose, and provocation	Lowenthal, Marc	2007	Mit Press	Cambridge, MASS
407	Lambilly-Bresson, Elisabeth de	Sea animals	NA	2007	Gareth Stevens	Milwaukee, WIS
408	Gavalda, Anna	Hunting and gathering	Anderson, Alison	2007	Riverhead Books	New York
409	Lambilly-Bresson, Elisabeth de	Animales de la casa	NA	2007	Gareth Stevens	Milwaukee, WIS
410	Lambilly-Bresson, Elisabeth de	Animales de la charca	NA	2006	Gareth Stevens	Milwaukee, WIS
411	Lambilly-Bresson, Elisabeth de	Animales del campo	NA	2007	Gareth Stevens	Milwaukee, WIS
412	Lambilly-Bresson, Elisabeth de	Animales del jardin	NA	2007	Gareth Stevens	Milwaukee, WIS
413	Lambilly-Bresson, Elisabeth de	Animales de la noche	NA	2007	Gareth Stevens	Milwaukee, WIS
414	Lambilly-Bresson, Elisabeth de	Animales de la granja	NA	2007	Gareth Stevens	Milwaukee, WIS
415	Lambilly-Bresson, Elisabeth de	Animales marinos	NA	2007	Gareth Stevens	Milwaukee, WIS
416	Echenoz, Jean	Ravel	Coverdale, Linda	2007	New Press	New York
417	Corneille, Pierre	The theatre of illusion	Wilbur, Richard	2007	Harcourt	Orlando, FLA
418	Lambilly-Bresson, Elisabeth de	Animales de vivos colores	NA	2007	Gareth Stevens	Milwaukee, WIS
419	Vargas, Fred	Seeking whom he may devour : Chief Inspector Adamsberg investigates	NA	2007	Thorndike Press	Detroit, MICH
420	Simenon, Georges	The engagement	Moschovakis, Anna	2007	New York Review Books	New York
421	Camus, Albert	Exile and the kingdom (stories) : The adulterous wife ; The renegade, or, A confused mind ; The voiceless ; The guest ; Jonas, or, The artist at work ; The growing stone	Cosman, Carol	2007	Vintage Books	New York
422	Kourouma, Ahmadou	Allah is not obliged	Wynne, Frank	2007	Anchor Books	New York
423	Bonotaux, Gilles	Dirty rotten bugs? : arthropods unite to tell their side of the story	NA	2007	Two-Can	Minnetonka, MINN
424	Prévost, Guillaume	The Book of Time	Rodarmor, William	2007	A.A. Levine Books	New York
425	Bouquillard, Jocelyn;;Marquet, Christophe	Hokusai, first manga master	Nash, Liz	2007	Abrams	New York
426	Hans, Marie-Pierre	Mr. William	NA	2007	MacAdam/Cage Publishing	San Francisco, CALIF
427	Ponge, Francis	Mute objects of expression	Fahnestock, Lee	2008	Archipelago Books	Brooklyn, N.Y.
428	Pineau, Gisèle	Devil's dance	Dickson, C.	2006	University of Nebraska Press	Lincoln, NEBR
429	Shan, Sa	Empress	Hunter, Adriana	2006	Reagan Books	New York
430	Wiesel, Elie	Day	Borchardt, Anne	2006	Hill and Wang	New York
431	Wiesel, Elie	Dawn	Frenaye, Frances	2006	Hill and Wang	New York
432	Simenon, Georges	The yellow dog	Asher, Linda	2006	Penguin	New York
433	Simenon, Georges	A man's head	Sainsbury, Geoffrey	2006	Penguin	New York
434	Simenon, Georges	Lock 14	Baldick, Robert	2006	Penguin	New York
435	Du Bellay, Joachim	The regrets : with, The antiquities of Rome, three Latin elegies, and The defense and enrichment of the French language	Helgerson, Richard	2006	University of Pennsylvania Press	Philadelphia, PA
436	Kundera, Milan	The curtain : an essay in seven parts	Asher, Linda	2006	Harper Collins Publishers	New York
437	Mallarmé, Stéphane	Divagations : the 1897 arrangement by the author;;Music and letters	Johnson, Barbara	2007	Harvard University Press	Cambridge, MASS
438	Christine de Pisan	The city of ladies	Brown-Grant, Rosalind	2006	Penguin	New York
439	Wiesel, Elie	The time of the uprooted	Hapgood, David	2007	Schocken Books	New York
440	Sade, Donatien Alphonse François de	Philosophy in the boudoir, or, The immoral mentors	Neugroschel, Joachim	2006	Penguin	New York
441	Allain, Marcel;;Souvestre, Pierre	Fantômas	NA	2006	Penguin	New York
442	Verne, Jules	The Kip brothers	Luce, Stanford	2007	Wesleyan University Press	Middletown, CONN
443	Segalen, Victor	Stèles - Gu jin bei lu (1)	Bush, Christopher;;Billings, Timothy James	2007	Wesleyan University Press	Middletown, CONN
444	Flaubert, Gustave;;Ranous, Dora Knowlton	Sentimental education : the story of a young man	NA	2006	Dover Publications	Mineola, N.Y.
445	La Rochefoucauld, François de	Maxims of La Rochefoucauld	Heard, John	2006	Dover Publications	Mineola, N.Y.
446	Hugo, Victor	The hunchback of Notre Dame	Alger, Abby Langdon	2006	Dover Publications	Mineola, N.Y.
447	Leblanc, Maurice	Arsène Lupin, gentleman-thief	NA	2007	Penguin	New York
448	Vargas, Fred	Seeking whom he may devour : Chief Inspector Adamsberg investigates	NA	2006	Simon and Schuster	New York
449	Dumas, Alexandre	The three musketeers	NA	2007	Dover Publications	Mineola, N.Y.
450	Condé, Maryse	The story of the cannibal woman	Philcox, Richard	2007	Atria Books	New York
451	Begag, Azouz	Shantytown kid	Hargreaves, Alec G.;;Wolf, Naïma	2007	University of Nebraska Press	Lincoln, NEBR
452	Zola, Émile	Nana	Rascoe, Burton	2007	Dover Publications	Mineola, N.Y.
453	Simenon, Georges	The bar on the Seine	Watson, David	2007	Penguin	New York
454	Dufossé, Christophe	School's out	Whiteside, Shaun	2007	Penguin	New York
455	Simenon, Georges	The Hotel Majestic	Watson, David	2007	Penguin	New York
456	Musset, Alfred de	Gamiani, or, Two nights of excess : a naughty French novel	NA	2007	Harper Perennial	New York
457	Maupassant, Guy de	My uncle Jules and other stories	Appelbaum, Stanley	2007	Dover Publications	Mineola, N.Y.
458	Vargas, Fred	Wash this blood clean from my hand	Reynolds, Siân	2007	Penguin	New York
459	Dumas, Alexandre;;Hoffmann, Ernst Theodor Amadeus	The nutcracker and the mouse king	Neugroschel, Joachim	2007	Penguin	New York
460	Gray, Marie	Stories to make you blush : seven naughty tales	NA	2007	Sourcebooks	Naperville, ILL
461	Bouraoui, Nina	Tomboy	Gavarini, Jehanne-Marie;;Salvodon, Marjorie	2007	University of Nebraska Press	Lincoln, NEBR
462	Mabanckou, Alain	African psycho	Hartley, Christine Schwartz	2007	Soft Skull Press	Brooklyn, N.Y.
463	Bondoux, Anne-Laure	Vasco, leader of the tribe	Maudet, Y.	2007	Delacorte Press	New York
464	Crommelynck, Fernand;;et al.;;Cardullo, Bert	A critical edition of two modern plays on the dramatic character of Sir John Falstaff : Chimes at midnight, by Orson Welles, and The knight of the moon, or Sir John Falstaff, by Fernand Crommelynck	NA	2006	Edwin Mellen Press	Lewiston, N.B.
465	Goffette, Guy	Charlestown blues : selected poems	Hacker, Marilyn	2007	University of Chicago Press	Chicago, ILL
466	Duteurtre, Benoît	The little girl and the cigarette	Mandell, Charlotte	2006	Melville House Publishing	Hoboken, N.J.
467	Ovaldé, Véronique	Kick the animal out	Hunter, Adriana	2007	MacAdam/Cage Publishing	San Francisco, CALIF
468	Verne, Jules	From the earth to the moon	Roth, Edward	2005	Barnes & Noble Books	New York
469	Rabelais, François	Gargantua and Pantagruel	Urquhart, Thomas;;Le Motteux, Peter Anthony	2005	Barnes & Noble Books	New York
470	Dubois, Claude K.;;Norac, Carl	Quiero un beso!;;I want a kiss!	Ros, Rafael	2005	Scholastic	New York
471	Boursin, Didier	Easy origami	NA	2005	Firefly Books	Buffalo, N.Y.
472	Beckett, Samuel	Waiting for Godot : tragicomedy in 2 acts	Beckett, Samuel	2006	Grove Press	New York
473	Dantec, Maurice G.	Babylon babies	Wedell, Noura	2005	Semiotext(e)	Los Angeles, CALIF
474	Ramos, Mario	Mommy!;;Mamá!	Sarfatti, Esther;;Ros, Rafael	2005	Scholastic	New York
475	Khadra, Yasmina	Autumn of the phantoms	Botsford, Aubrey	2006	Toby Press	New Milford, Conn.
476	Molière	The misanthrope and other plays : The misanthrope ; The doctor in spite of himself ; The miser ; The would-be gentleman ; The mischievous machinations of Scapin ; The learned women ; The imaginary invalid	Frame, Donald Murdoch	2005	Signet Classics	New York
477	Leroux, Gaston	The mystery of the yellow room : extraordinary adventures of Joseph Rouletabille, reporter	NA	2006	Dover Publications	Mineola, N.Y.
478	Dumas, Alexandre	The three musketeers	Hochman, Eleanor	2006	Signet Classics	New York
479	Hugo, Victor	The hunchback of Notre-Dame	Cobb, Walter J.	2005	Signet Classics	New York
480	Grosjean, Jean	An earth of time	Waldrop, Keith	2006	Burning Deck	Providence, R.I.
481	Stendhal	The red and the black : a chronicle of the nineteenth century	Parks, Lloyd C.	2006	Signet Classics	New York
482	Dumas, Alexandre	The man in the iron mask	Rogers, Jacqueline	2006	Signet Classics	New York
483	Goscinny, René;;Sempé, Jean-Jacques	Nicholas again	Bell, Anthea	2006	Phaidon	New York
484	Doppelt, Suzanne	Ring, rang, wrong	Swensen, Cole;;Aperghis, Georges	2006	Burning Deck	Providence, R.I.
485	Blain, Christophe;;Sfar, Joann;;Trondheim, Lewis	Dungeon, the early years	Johnson, Joe	2005	NBM Publishing	New York
486	Sade, Donatien Alphonse François de	Justine, or, The misfortunes of virtue : a philosophical romance	NA	2005	Barnes & Noble Books	New York
487	Ayala, Roselyne de;;Des Vallières, Nathalie	Saint Exupéry : art, writing and musings	Zielonka, Anthony	2004	Rizzoli	New York
488	Molière	The miser	Magruder, James	2004	Dramatists Play Service	New York
489	Flaubert, Gustave	Salammbo	NA	2006	Mondial	New York
490	Zola, Émile	Thérèse Raquin	NA	2006	Chatterley Press International	Port Jefferson, N.Y.
491	Daigle, Evelyne	The world of penguins	Wright, Genevieve	2007	Tundra Books of Northern New York	Plattsburgh, N.Y.
492	Desnos, Robert	Mythmaking (the mythological poetry of Robert Desnos) : True tales of the Argonauts ; Minotaur ; Bacchus and Apollo ; The satyr ; The bath with Andromeda	Sanders, Todd;;Taeger, Oonagh	2006	Air and Nothingness Press	Pittsburgh, PA
493	Forand, Claude	In the claws of the cat	Elder, Jo-Anne	2006	Guernica	Tonawanda, N.Y.
494	Balzac, Honoré de	Ursula	Wormeley, Katharine Prescott	2006	Mondial	New York
495	Zola, Émile;;Vizetelly, Ernest Alfred	His Excellency	NA	2006	Mondial	New York
496	Verne, Jules	An Antarctic mystery : The sphinx of the ice fields	Hoey, Frances Cashel	2006	Mondial	New York
497	Zola, Émile;;Vizetelly, Ernest Alfred	The joy of life	NA	2006	Mondial	New York
498	Simenon, Georges	The friend of Madame Maigret : an inspector Maigret mystery	Sebba, Helen	2007	Penguin	New York
499	Montaigne, Michel de;;Appelbaum, Stanley	Selected essays	NA	2007	Dover Publications	Mineola, N.Y.
500	Rimbaud, Arthur	A season in hell	Revell, Donald	2007	Omnidawn Publishing	Richmond, CALIF
501	Simenon, Georges	The madman of Bergerac	Sainsbury, Geoffrey	2007	Penguin	New York
502	Delaunois, Angèle;;Lafrance, Marie	The long journey of Mister Poop  : el gran viaje del Señor Caca	Zolinsky, Daniel	2007	Cinco Puntos Press	El Paso, TEX
503	Vadon, Catherine	Meet the shark	NA	2007	Two-Can	Minnetonka, MINN
504	Sartre, Jean-Paul	Nausea	Alexander, Lloyd	2007	New Directions	New York
505	Verne, Jules	Lighthouse at the end of the world : the first English translation of Verne's original manuscript	Butcher, William	2007	University of Nebraska Press	Lincoln, NEBR
506	Maeterlinck, Maurice	The intelligence of flowers	Mosley, Philip	2008	State University of New York Press	Albany, N.Y.
507	Lambilly-Bresson, Élisabeth de	Animals in polar regions	Holland, Gini	2008	Gareth Stevens	Pleasantville, N.Y.
508	Lambilly-Bresson, Élisabeth de	Animals in the desert	NA	2008	Gareth Stevens	Pleasantville, N.Y.
509	Lambilly-Bresson, Élisabeth de	Animals in the forest	NA	2008	Gareth Stevens	Pleasantville, N.Y.
510	Lambilly-Bresson, Elisabeth de	Animals in the jungle	NA	2008	Gareth Stevens	Milwaukee, WIS
511	Lambilly-Bresson, Elisabeth de	Animals of the mountains	NA	2008	Gareth Stevens	Milwaukee, WIS
512	Pesquès, Nicolas	Physis	Swensen, Cole	2007	Parlor Press	West Lafayette, IND
513	Eluard, Paul	Love, poetry	Kendall, Stuart	2007	Black Widow Press	Boston, MASS
514	Verne, Jules	Journey to the center of the earth	NA	2007	Sterling Publishing	New York
515	Audeguy, Stéphane	The theory of clouds	Bent, Timothy	2007	Harcourt	Orlando, FLA
516	Wittig, Monique	Les guérillères	Le Vay, David	2007	University of Illinois Press	Urbana, ILL
517	La Fontaine, Jean de	The complete fables of Jean de La Fontaine	Shapiro, Norman R.	2007	University of Illinois Press	Urbana, ILL
518	Queneau, Raymond	Letters, numbers, forms : essays, 1928-70	Stump, Jordan	2007	University of Illinois Press	Urbana, ILL
519	Lambilly-Bresson, Élisabeth de	Animales del desierto	NA	2008	Gareth Stevens	Pleasantville, N.Y.
520	Lambilly-Bresson, Elisabeth de	Animales del bosque	NA	2008	Gareth Stevens	Milwaukee, WIS
521	Lambilly-Bresson, Élisabeth de	Animales de la selva	NA	2008	Gareth Stevens	Pleasantville, N.Y.
522	Lambilly-Bresson, Elisabeth de	Animales de las montañas	NA	2008	Gareth Stevens	Milwaukee, WIS
523	Lacombe, Benjamin	Cherry and Olive	NA	2007	Walker	New York
524	Peeters, Frederik	Blue pills : a positive love story	Singh, Anjali	2008	Houghton Mifflin	Boston, MASS
525	Chattam, Maxime	The Cairo diary	NA	2007	St. Martin's Minotaur	New York
526	Djaout, Tahar	The last summer of reason	De Jager, Marjolijn	2007	University of Nebraska Press	Lincoln, NEBR
527	Bouillier, Grégoire	The mystery guest	Stein, Lorin	2007	Houghton Mifflin	Boston, MASS
528	L'Aubespine, Madeleine de	Selected poems and translations	Kłosowska, Anna	2007	University of Chicago Press	Chicago, ILL
529	Roux, Marius	The substance + the shadow	Collins, Dick;;Cox, Fiona	2007	Pennsylvania State University Press	University Park, PA
530	Fénéon, Félix	Novels in three lines	Sante, Luc	2007	New York Review Books	New York
531	Magnan, Pierre	Death in the truffle wood	Clancy, Patricia	2007	Thomas Dunne Books;;St. Martin's Minotaur	New York;;New York
532	Dubois, Jean-Paul	Vie française	Coverdale, Linda	2007	Alfred A. Knopf	New York
533	Guillevic, Eugène	The sea & other poems	Terry, Patricia Ann	2007	Black Widow Press	Boston, MASS
534	Lamy, Michel	The secret message of Jules Verne : decoding his Masonic, Rosicrucian, and occult writings	Graham, Jon	2007	Destiny Books	Rochester, VT
535	Lenain, Thierry	Little zizi	Zolinsky, Daniel	2008	Cinco Puntos Press	El Paso, TEX
536	Réda, Jacques	Return to calm	Prevots, Aaron	2007	Host Publications	Austin, TEX
537	Poulin, Jacques	Spring tides	Fischman, Sheila	2007	Archipelago Books	Brooklyn, N.Y.
538	Zola, Émile	The belly of Paris	Nelson, Brian	2007	Oxford University Press	New York
539	Flaubert, Gustave	Rites of compassion : A simple heart	NA	2007	Feminist Press at the City University of New York	New York
540	Werewere Liking	The amputated memory : a song-novel	De Jager, Marjolijn	2007	Feminist Press at the City University of New York	New York
541	Grimbert, Philippe	Memory	McLean, Polly	2008	Simon and Schuster	New York
542	Stoichiţă, Victor Ieronim	The Pygmalion effect : from Ovid to Hitchcock	Anderson, Alison	2008	University of Chicago Press	Chicago, ILL
543	Vercel, Roger	Captain Conan	NA	2008	University of South Carolina Press	Columbia, S.C.
544	Trouillot, Lyonel	Children of heroes	Coverdale, Linda	2008	University of Nebraska Press	Lincoln, NEBR
545	Slaymaker, Douglas	Yōko Tawada : voices from everywhere	NA	2007	Lexington Books	Lanham, MD
546	Morgenstern, Susie	I will make miracles	NA	2008	Bloomsbury Children's Books	New York
547	Ricardou, Jean	Place names : a brief guide to travels in the book	Stump, Jordan	2007	Dalkey Archive Press	Champaign, ILL
548	Salvayre, Lydie	The power of flies	Kuntz, Jane	2007	Dalkey Archive Press	Champaign, ILL
549	Simenon, Georges	My friend Maigret : an Inspector Maigret mystery	Ryan, Nigel	2007	Penguin	New York
550	Simenon, Georges	Maigret and the man on the boulevard : an Inspector Maigret mystery	Ellenbogen, Eileen	2007	Penguin	New York
551	Simenon, Georges	Inspector Cadaver	Thomson, Helen	2007	Penguin	New York
552	Gombrowicz, Witold;;Roux, Dominique de	A kind of testament	Hamilton, Alastair	2007	Dalkey Archive Press	Champaign, ILL
553	Cadiot, Olivier;;Minyana, Philippe;;Novarina, Valère;;Pliya, José;;Sigal, Michèle;;Vinaver, Michel;;Marie, Emmanuelle;;Wehle, Philippa	Act French (contemporary plays from France) : We were sitting on the shores of the world ;  A.W.O.L. ; 11 September 2001 ; Adramelech's monologue ; Pumpkin on the air ; Inventories ; Cut	Bennett, Guy;;Swensen, Cole;;Wehle, Philippa;;Lampert Gréaux, Ellen;;Taormina, Michael	2007	PAJ Publications	New York
554	Bayard, Pierre	How to talk about books you haven't read	Mehlman, Jeffrey	2007	Bloomsbury	New York
555	Poortere, Machteld de	The philosophical and literary ideas of Mme de Staël and of Mme de Genlis	Lavash, John	2007	P. Lang	New York
556	Fabre d'Olivet, Antoine	The Hebraic tongue restored and the true meaning of the Hebrew words re-established and proved by their radical analysis	Redfield, Nayán Louise	2007	Hermetica Press	San Rafael, CALIF
557	Gaudé, Laurent	Death of an ancient king	Hunter, Adriana	2007	MacAdam/Cage Publishing	San Francisco, CALIF
558	Vidal, Clara	Like a thorn	Maudet, Y.	2008	Delacorte Press	New York
559	Gray, Marie	More stories to make you blush : seven new naughty tales	NA	2007	Sourcebooks Casablanca	Naperville, ILL
560	Némirovsky, Irène	Fire in the blood	Smith, Sandra	2007	Alfred A. Knopf	New York
561	Némirovsky, Irène	Fire in the blood	Smith, Sandra	2007	Wheeler Publishing	Waterville, ME
562	Serge, Victor	Unforgiving years	Greeman, Richard	2008	New York Review Books	New York
563	Maupassant, Guy de	Afloat	Parmée, Douglas	2008	New York Review Books	New York
564	Ben Kemoun, Hubert	Chasing the shadow	Chamberland, Genevieve	2008	Stone Arch Books	Minneapolis, MINN
565	Ben Kemoun, Hubert	The serpent on my skin	Chamberland, Genevieve	2008	Stone Arch Books	Minneapolis, MINN
566	Ben Kemoun, Hubert	Master of the weather	Chamberland, Genevieve	2008	Stone Arch Books	Minneapolis, MINN
567	Ben Kemoun, Hubert	The tree with eyes	Chamberland, Genevieve	2008	Stone Arch Books	Minneapolis, MINN
568	Zeller, Florian	Julien Parme	Rodarmor, William	2007	Other Press	New York
569	NA	French women poets of nine centuries : the distaff and the pen	Shapiro, Norman R.	2008	Johns Hopkins University Press	Baltimore, MD
570	Rodenbach, Georges	Bruges-la-Morte	Mosley, Philip	2007	University of Scranton Press	Scranton, PA
571	La Fontaine, Jean de	Journey from Paris to the Limousin : letters to Madame de La Fontaine (1663)	Berger, Robert W.	2008	Fairleigh Dickinson University Press	Madison, N.J.
572	Fabre, Dominique	The waitress was new	Stump, Jordan	2008	Archipelago Books	Brooklyn, N.Y.
573	Stendhal	The red and the black : authoritative text, context and backgrounds, criticism	Adams, Robert Martin	2008	W.W. Norton	New York
574	Verne, Jules	The golden volcano	Baxter, Edward	2008	University of Nebraska Press	Lincoln, NEBR
575	Cixous, Hélène	Insister : of Jacques Derrida	Kamuf, Peggy	2007	Stanford University Press	Stanford, CALIF
576	Martory, Pierre	The landscapist : selected poems	Ashbery, John	2008	Sheep Meadow Press	Riverdale-on-Hudson, N.Y.
577	Jaffé, Laura	The book of when	NA	2008	Abrams Books for Young Readers	New York
578	Marcel, Gabriel	A path to peace - fresh hope for the world dramatic explorations : The Heart of others ; Dot the I ; The double expertise ; The lantern ; Colombyre, or, The torch of peace	Hanley, Katharine Rose	2007	Marquette University Press	Milwaukee, WIS
579	Halter, Marek	Mary of Nazareth	Curtis, Howard	2008	Crown Publishers	New York
580	Maalouf, Amin	Origins	Temerson, Catherine	2008	Farrar Straus Giroux	New York
581	Zenatti, Valérie	A bottle in the Gaza Sea	Hunter, Adriana	2008	Bloomsbury	New York
582	Cixous, Hélène	Manhattan : letters from prehistory	Brahic, Beverley Bie	2007	Fordham University Press	New York
583	Paulhan, Jean;;Bajorek, Jennifer;;Trudel, Eric	On poetry and politics	Mandell, Charlotte;;Bajorek, Jennifer;;Trudel, Eric	2008	University of Illinois Press	Urbana, ILL
584	Sanvoisin, Éric	The ink drinker	NA	2008	Random House	New York
585	Bugul, Ken	The abandoned baobab : the autobiography of a Senegalese woman	De Jager, Marjolijn	2008	University of Virginia Press	Charlottesville, VA
586	Hoestlandt, Jo	Gran, you've got mail!	Maudet, Y.	2008	Delacorte Press	New York
587	Simenon, Georges	The widow	Petrie, John	2008	New York Review Books	New York
588	Alloula, Abdelkader;;Baccar, Jalila;;Gallaire, Fatima;;Saddiki, Tayeb;;Carlson, Marvin A.	Four plays from North Africa : The veil ; Araberlin ; House of wives ; The folies berbers	NA	2008	Martin E. Segal Theatre Center Publications	New York
589	Bourguignon, Laurence	Heart in the pocket	NA	2008	Eerdmans Books for Young Readers	Grand Rapids, MICH
590	Audeguy, Stéphane	The only son	Cullen, John	2008	Harcourt	Orlando, FLA
591	Shan, Sa	Alexander and Alestria	Hunter, Adriana	2008	Harper	New York
592	Michon, Pierre	Small lives	Deshays, Elizabeth;;Gladding, Jody	2008	Archipelago Books	Brooklyn, N.Y.
593	Pennac, Daniel	The rights of the reader	Adams, Sarah	2008	Candlewick Press	Cambridge, MASS
594	Satrapi, Marjane	The complete Persepolis	NA	2007	Pantheon Books	New York
595	Flaubert, Gustave	Madame Bovary	NA	2007	Pocket Books	New York
596	Choderlos de Laclos, Pierre Ambroise François	Les liaisons dangereuses, or, Letters collected in a private society and published for the instruction of others	Dowson, Ernest Christopher	2006	Dover Publications	Mineola, N.Y.
597	Akunin, Boris;;Appel, René;;Denevi, Marco;;Falk, Bertil;;Fonseca, Rubem;;Gospodinov, Georgi;;Halter, Paul;;Iarrera, Carmen;;Kassak, Fred;;Manotti, Dominique;;Noll, Ingrid;;Scheen, Kjersti;;Isaka, Kōtaro;;Aisemberg, Isaac;;Bach, Mischa;;Betancourt, Luis Adrien;;Capel, Theo;;Kramlovsky, Beatrix;;Macker, Richard;;Motz, Jutta;;Norizuki Rintarō;;Schuster, Frauke;;Yuri, Mitsuhara;;Hutchings, Janet	Passport to crime : the finest mystery stories from international crime writers	NA	2007	Carroll & Graf	New York
598	Molière	Tartuffe and other plays : The ridiculous précieuses ; The school for husbands ; The school for wives ; The critique of The school for wives ; The Versailles impromptu ; Tartuffe, or, The impostor ; Don Juan, or, The stone guest	Frame, Donald Murdoch	2007	Signet Classics	New York
599	Stewart, Frank;;Mateata-Allain, Kareva;;Mawyer, Alexander Dale	Varua Tupu : new writing from French Polynesia	NA	2006	University of Hawaii Press	Honolulu, HAWAII
600	Crécy, Nicolas de	Glacial period	Johnson, Joe	2006	ComicsLit	New York
601	Houellebecq, Michel	The possibility of an island	Bowd, Gavin	2007	Vintage Books;;Vintage International	New York;;New York
602	Adnan, Etel	The Arab apocalypse	NA	2006	Post-Apollo Press	Sausalito, CALIF
603	Claudel, Philippe	By a slow river	Rogers, Hoyt	2007	Anchor Books	New York
604	Dumas, Alexandre;;Sollors, Werner	Georges	Kover, Tina A.	2007	Modern Library	New York
605	Boulle, Pierre	The bridge over the River Kwai : a novel	Fielding, Xan	2007	Ballantine Books	New York
606	Verne, Jules	Around the world in eighty days	NA	2007	Pocket Books	New York
607	Jakubowski, Maxim;;Spengler, Franck	Ooh la la! : contemporary French erotica by women	Buck, Paul;;et al.	2006	Thunder's Mouth Press	New York
608	Larcenet, Manu;;Sfar, Joann;;Trondheim, Lewis	Dungeon : Parade	NA	2006	NBM Publishing	New York
609	Devenne, François	Three dreams on Mount Meru	Yoder, Lauren Wayne	2007	Toby Press	New Milford, CONN
610	Schuré, Édouard	The priestess of Isis	Rothwell, Fred	2004	Nicolas-Hays;;Ibis Press	Berwick, ME;;Berwick, ME
611	Anglade, Georges	Haitian laughter : a mosaic of ninety miniatures in French and English	McConnell, Anne Pease	2006	Educa Vision	Coconut Creek, FLA
612	Carrière, Jean-Claude	The controversy of Valladolid	Nelson, Richard	2005	Dramatists Play Service	New York
613	Guibert, Emmanuel;;Pezzali, Walter;;Sfar, Joann	Sardine in outer space 2	Watson, Sasha	2006	First Second	New York
614	Guibert, Emmanuel;;Pezzali, Walter;;Sfar, Joann	Sardine in outer space 3	Siegel, Alexis;;Prizzi, Elisabeth	2007	First Second	New York
615	Rimbaud, Arthur	The drunken boat & other poems from the French of Arthur Rimbaud	Greinke, L. Eric	2007	Presa Press	Rockford, MICH
616	Louÿs, Pierre	Aphrodite ; The songs of Bilitis : two erotic tales from the Fin de siècle	Harrison, Mary Hanson	2007	Chicago Spectrum Press	Louisville, KY
617	France, Anatole	The crime of Sylvestre Bonnard	NA	2007	Mondial	New York
618	Rolland, Romain	Pierre and Luce	De Kay, Charles	2007	Mondial	New York
619	Gide, André	Strait is the gate	Bussy, Dorothy	2007	Mondial	New York
620	Zola, Émile	Money	Vizetelly, Ernest Alfred	2007	Mondial	New York
621	Khoury-Ghata, Vénus	Nettles : poems	Hacker, Marilyn	2008	Graywolf Press	St. Paul, MINN
622	Ališanka, Eugenijus;;Ančevski, Zoran;;Atxaga, Bernardo;;Batur, Enis;;Branco, Rosa Alice;;Cliff, William;;Dimkovska, Lidija;;Djordjević, Milan;;Forsström, Tua;;Gerlach, Eva;;Hahn, Ulla;;Haugová, Mila;;Jovanović Danilov, Dragan;;Kielar, Marzanna Bogumiła;;Knežević, Marija;;Koehler, Krzysztof;;Koltz, Anise;;Künnap, Asko;;Lyšega, Oleg;;Maleš, Branko;;Ní Dhomhnaill, Nuala;;Novak, Boris A.;;Oravecz, Imre;;Ristović, Ana;;Roux, Paul de;;Sakelliou, Liana;;Schlag, Evelyn;;Sendecki, Marcin;;Sommer, Piotr;;Stojić, Mile;;Švarc, Elena Andreevna;;Świetlicki, Marcin;;Tafdrup, Pia;;Wiedemann, Adam;;Zhiti, Visar;;Szlosarek, Artur;;Aamodt, Bjørn;;Baldini, Raffaello;;Bănulescu, Daniel;;Brković, Balša;;Galaicu-Păun, Emilian;;Jelenković, Saša;;Johnsson, Arne;;Jökulsdóttir, Elísabet;;Karanović, Zvonko;;Keff, Bożena;;Kulavkova, Kata;;Langa, Liâna;;Lazić, Radmila;;Mifsud, Immanuel;;Pugh, Sheenagh;;Šalkevič, Viktar;;Sonnenberg, Ewa;;Stephanids̄, Stefanos;;Sugarev, Edvin;;Suska, Dariusz;;Tadić, Novica;;Takaczyszyn-Dycki, Eugeniusz;;Wandeler-Deck, Elisabeth;;et al.;;Miller, Wayne;;Prufer, Kevin	New European poets	NA	2008	Graywolf Press	St. Paul, MINN
623	Back, Frédéric;;Giono, Jean;;MacIver, Roderick	The man who planted trees	NA	2007	Heron Dance	Williston, VT
624	Gide, André	Prometheus illbound	Rothermere, Lilian	2007	Mondial	New York
625	France, Anatole	The gods are athirst	NA	2007	Mondial	New York
626	Goncourt, Edmond de;;Goncourt, Jules de	Germinie Lacerteux	Boyd, Ernest Augustus	2007	Mondial	New York
627	Friot, Bernard	The aspiring poet's journal : a year in poetry	Dineshjoo, Gita	2008	Abrams Books for Young Readers	New York
628	Zola, Émile	The fête at Coqueville : The Coqueville spree	Meyer, L. G.	2008	Mondial	New York
629	Gautier, Théophile	My fantoms : The adolescent ; The priest ; The painter ; The opium smoker ; The actor ; The tourist ; The poet	Holmes, Richard	2008	New York Review Books	New York
630	Frénaud, André	André Frénaud : selected poems (1938-1986)	Broome, Peter	2007	Edwin Mellen Press	Lewiston, N.B.
631	Dantec, Maurice G.	Cosmos incorporated	Kover, Tina A.	2008	Ballantine Books	New York
632	Thirlwell, Adam	The delighted states : a book of novels, romances, & their unknown translators, containing ten languages, set on four continents, & accompanied by maps, portraits, squiggles, illustrations, & a variety of helpful indexes	NA	2008	Farrar Straus Giroux	New York
633	Ramuz, Charles-Ferdinand	The young man from Savoy	Robinson, Blake	2008	Host Publications	Austin, TEX
634	Mansour, Joyce	Essential poems and writings of Joyce Mansour	Gavronsky, Serge	2008	Black Widow Press	Boston, MASS
635	Desarthe, Agnès	Chez moi	Hunter, Adriana	2008	Penguin	New York
636	Jouvet, Michel	The castle of dreams	Garey, Laurence	2008	Mit Press	Cambridge, MASS
637	Hugo, Victor	Les misérables	Rose, Julie	2008	Modern Library	New York
638	Marguerite d'Angoulême	Selected writings : a bilingual edition	Cholakian, Rouben Charles;;Skemp, Mary	2008	University of Chicago Press	Chicago, ILL
639	Toussaint, Jean-Philippe	Camera	Smith, Matthew B.	2008	Dalkey Archive Press	Champaign, ILL
640	Étienne, Marie	King of a hundred horsemen	Hacker, Marilyn	2008	Farrar Straus Giroux	New York
641	Baudelaire, Charles	Paris spleen and La Fanfarlo	MacKenzie, Raymond N.	2008	Hackett	Indianapolis, IND
642	Toussaint, Jean-Philippe	The bathroom	Amphoux, Nancy;;Angelis, Paul De	2008	Dalkey Archive Press	Champaign, ILL
643	Jean Renart	An English translation of Jean Renaut's Galeran de Bretagne, a thirteenth-century French romance	Beston, John	2008	Edwin Mellen Press	Lewiston, N.B.
644	Sebbar, Leïla	The Seine was red : Paris, October 1961	Mortimer, Mildred P.	2008	Indiana University Press	Bloomington, IND
645	Curiol, Céline	Voice over	Richard, Sam	2008	Seven Stories Press	New York
646	Izner, Claude	Murder on the Eiffel Tower	Reid, Isabel	2008	St. Martin's Minotaur	New York
647	Livia, Anna;;Rodarmor, William	France : a traveler's literary companion	NA	2008	Whereabouts Press	Berkeley, CALIF
648	Rémusat, Charles de	The Saint-Domingue plantation, or, The insurrection : a drama in five acts	Shapiro, Norman R.	2008	Louisiana State University Press	Baton Rouge, LA
649	Magnan, Pierre	The messengers of death : a mystery in Provence	Clancy, Patricia	2008	Thomas Dunne Books	New York
650	La Fontaine, Jean de	The complete fables of La Fontaine : a new translation in verse	Hill, Craig	2008	Arcade	New York
651	Maeterlinck, Maurice	Pelleas and Melisande	Landes, Sidney;;Hovey, Richard	2008	Players Press	Studio City, CALIF
652	Desvignes, Lucette	You again, Electra! : a five-act play	Curtis, Jerry L.	2008	Edwin Mellen Press	Lewiston, N.Y.
653	Hergé	Tintin and alph-art : Tintin's last adventure	NA	2007	Little, Brown	New York
654	Reza, Yasmina	Adam Haberberg	Strachan, Geoffrey	2008	Vintage International	New York
655	Rabearivelo, Jean-Joseph	Translated from the night	Ziller, Robert	2007	Lascaux Editions	Pittsburgh, PA
656	Némirovsky, Irène	David Golder;;The ball;;Snow in autumn;;The Courilof affair	Smith, Sandra	2008	Everyman's Library	New York
657	Halter, Marek	The wind of the Khazars	Bernard, Michael	2006	Toby Press	New Milford, CONN
658	Dubois, Jean-Paul	Vie française	Coverdale, Linda	2008	Vintage Books	New York
659	Desnos, Robert;;Caws, Mary Ann	Essential poems and writings of Robert Desnos	Caws, Mary Ann;;et al.	2007	Black Widow Press	Boston, MASS
660	Hergé	The adventures of Tintin, reporter for le petit Vingtième - in the land of the Soviets	Lonsdale-Cooper, Leslie;;Turner, Michael	2007	Little, Brown	New York
661	Sand, George	The Countess von Rudolstadt	Van Slyke, Gretchen Jane	2008	University of Pennsylvania Press	Philadelphia, PA
662	Zola, Émile	Thérèse Raquin	NA	2007	European Masterpieces	Newark, DEL
663	Verne, Jules	Seven novels (complete and unabridged) : Five weeks in a balloon ; A journey to the center of the earth ; From the earth to the moon ; Round the moon ; Twenty thousand leagues under the sea ; Around the world in eighty days ; The mysterious island	NA	2006	Barnes & Noble Books	New York
664	Zola, Émile	The soil : The earth	Vizetelly, Henry	2008	Mondial	New York
665	Zola, Émile	The mysteries of Marseille	Vizetelly, Edward	2008	Mondial	New York
666	Hugo, Victor	Ninety-three	NA	2008	Mondial	New York
667	Zola, Émile	Death : five short stories	NA	2008	Mondial	New York
668	Hugo, Victor	Bug-Jargal	NA	2008	Mondial	New York
